date,yt_pred_time_trend_1_dummy,yt_pred_time_trend_2_dummy,yt_pred_time_trend_3_dummy,yt_true,yt_pred_time_trend_3_fourier,yt_pred_mlp_8,yt_pred_stacked_mlp,yt_pred_d1d13_ar13,yt_pred_d1d12_mlp
1946-01-01,1095.0249999999992,1444.198616180507,1197.38923890143,890,1138.2402635831334,1342.3394377901852,912.3265659629365,,
1946-02-01,1077.3934210526309,1417.7272045877276,1182.2558001361904,992,1250.6692805200837,1478.0181895522453,1079.1747853853014,,
1946-03-01,1214.0776315789465,1545.5715803337537,1321.1474334396953,979,1282.004688094217,1418.9701724952029,978.8741103316542,,
1946-04-01,1322.1302631578938,1644.7843762768762,1431.1167703908927,959,1425.215084314777,1365.377708196347,856.1949632316093,,
1946-05-01,1385.0249999999992,1698.83927674319,1495.6374952003086,1110,1564.7241622380188,1260.042655684508,743.1893472283249,,
1946-06-01,1539.4986842105254,1844.473122881762,1651.4464499732069,1546,1531.9319146678731,1230.363562553454,731.0262891801258,,
1946-07-01,1929.709210526315,2225.843808421344,2042.7015294464288,1539,2199.8856639478427,1266.864079585264,868.2356988221673,,
1946-08-01,3034.4986842105254,3321.7934352765697,3148.244838883133,3401,2989.310342888408,1248.353287983452,904.3973411649968,,
1946-09-01,2284.709210526315,2563.16412667662,2398.9184835464766,2092,2535.851832234699,1695.8663940084105,1653.733809695353,,
1946-10-01,1815.6565789473675,2085.271657162996,1930.0382529101453,1436,1845.181241588012,1321.0300776311133,1069.7879177764307,,
1946-11-01,1636.130263157894,1896.9055003584456,1750.3936206583487,1301,1778.8667492289223,1090.2755273238806,745.4543919948306,,
1946-12-01,1397.6039473684202,1649.5393429107253,1511.4582710016132,1287,1539.9901752271924,1042.3102889034233,733.9037936469209,,
1947-01-01,1220.817543859648,1464.4041988594968,1362.5325221780936,1488,1302.4547672028718,1322.050689356235,1071.2679809409008,,
1947-02-01,1203.1859649122798,1438.9149915567698,1344.9249807775227,1517,1412.4301273552337,1409.5055949046784,1244.4089196346447,,
1947-03-01,1339.8701754385957,1567.7415715928482,1481.3748133795789,1707,1441.343989132745,1490.601729722404,1369.902796614946,,
1947-04-01,1447.922807017543,1667.9365718260235,1588.9346515632092,1729,1582.1649505446496,1487.820632291834,1252.614128602591,,
1947-05-01,1510.817543859648,1722.9736765823898,1651.0781795389405,1788,1719.316704647203,1572.6883980597172,1301.27563976179,,
1947-06-01,1665.2912280701746,1869.5897270110145,1804.542239412036,2008,1684.1992442443357,1706.9685373421482,1466.4442070553764,,
1947-07-01,2055.501754385964,2251.9426168406494,2193.484725919337,2203,2349.85989167955,2047.7744565180583,1809.1803205961144,,
1947-08-01,3160.291228070175,3348.874447985927,3296.747744324003,3713,3137.023579763327,2888.675537269291,2668.679912095084,,
1947-09-01,2410.501754385964,2591.22734367603,2545.1733998891905,2946,2681.336189240796,2748.7696407803314,2764.294575919171,,
1947-10-01,1941.4491228070167,2114.317078452459,2074.077482088585,2082,1988.4688297132527,2190.0273119425865,2107.9212721671,,
1947-11-01,1761.9228070175432,1926.933125937961,1892.249464606396,2033,1919.9896794612755,1767.8022635783989,1535.038011242952,,
1947-12-01,1523.3964912280694,1680.5491727802937,1651.1630316531505,1937,1678.9805585546237,1708.8525579748894,1489.802001614432,,
1948-01-01,1346.610087719297,1496.3962330191175,1500.1185014670027,1711,1439.3447146133478,1755.0959721178808,1589.328492185932,,
1948-02-01,1328.978508771929,1471.889230006443,1480.4244806376864,1775,1547.2517498367208,1723.4302739081727,1582.636645670085,,
1948-03-01,1465.6627192982446,1601.698014332574,1614.8201357448786,1902,1574.1293976732104,1880.3302495646203,1780.3326313375644,1972.255844928933,1926.0496447515156
1948-04-01,1573.715350877192,1702.875218855802,1720.3580983675274,1846,1712.94625613206,1923.6616522926008,1743.3515085979357,1965.2077776186552,1887.2497140495148
1948-05-01,1636.610087719297,1758.894527902221,1780.5120527161591,2083,1848.1260182695248,1929.180560727624,1694.0597599890375,2015.5355067383657,1863.4183278324908
1948-06-01,1791.0837719298238,1906.4927826208984,1932.018840896037,2262,1811.068676889536,2084.93863332475,1905.0175853221965,2424.4744858631075,2265.4727309741393
1948-07-01,2181.2942982456134,2289.827876740585,2319.036357644003,2193,2474.8215543355946,2498.401603507867,2301.503195655069,2359.073541826468,2415.9099108447663
1948-08-01,3286.083771929824,3387.741912175916,3420.406708223216,3792,3260.1095834181824,3153.0680733978124,2883.008294894355,3968.0454167379567,3664.9418672998054
1948-09-01,2536.2942982456134,2631.077012156072,2666.9719978968324,2343,2802.5786448824297,3266.844075845123,3216.3810637367137,2808.073884261492,2984.137382679619
1948-10-01,2067.241666666666,2155.148951222553,2194.048016138538,2313,2107.899848329632,2325.367453172269,2139.571340250352,1778.0672838479368,1437.8881294894472
1948-11-01,1887.715350877192,1968.747202998108,2010.4242366325425,2179,2037.6413720403648,2177.681566130037,1973.3044686116984,2014.340903926257,2225.0459394036116
1948-12-01,1649.1890350877184,1723.3454541304927,1767.574343589372,1975,1794.8850360843917,2053.627372431383,1860.8951034344807,2064.639740338306,2045.7245091726477
1949-01-01,1472.4026315789465,1540.174718659369,1614.7986552471816,1880,1553.5340880817605,1894.4639661617737,1730.9951012382874,1946.737616686485,1704.6241813906172
1949-02-01,1454.7710526315782,1516.6499199367477,1593.405778195705,1930,1659.758130231745,1898.3970975676368,1744.1146480681136,1920.0382763384189,1902.8991330630233
1949-03-01,1591.4552631578938,1647.4409085529314,1726.1348790146185,2060,1684.984895982813,2027.9730805371075,1923.0559850833408,1982.7815379669228,2018.8474781187156
1949-04-01,1699.507894736841,1749.6003173662118,1830.0385892828715,1843,1822.182983344207,2035.5578094350608,1838.227273162887,2044.2205330800784,1966.9025076717985
1949-05-01,1762.4026315789465,1806.6018307026832,1888.5905932109888,2052,1955.7760853721832,2099.169993206703,1872.551858336688,2085.3814693783934,2040.8154228500416
1949-06-01,1916.8763157894728,1955.1822897114127,2038.527732904235,2039,1917.164194870672,2179.034370796759,1994.3923703956964,2220.651094997744,2189.644815341353
1949-07-01,2307.0868421052623,2339.499588121153,2424.007903099451,2351,2579.394634183176,2426.7821403876906,2189.767335818624,2249.044692701502,1931.9628214173354
1949-08-01,3411.8763157894728,3438.395827846536,3523.873209059796,3394,3363.1923361201752,3139.394835839466,2914.9562581364507,3762.607581117476,3909.9215692619655
1949-09-01,2662.0868421052623,2682.7131321167444,2768.9657560484266,3581,2904.2031814268003,2841.9546281619564,2803.380287055029,2548.4353384914266,1907.1780330123238
1949-10-01,2193.034210526315,2207.7672754732785,2294.601333539029,2489,2208.0982797043475,2934.457160369924,2897.758033134932,2640.605934145344,3519.3448277620664
1949-11-01,2013.5078947368413,2022.3477315388857,2109.569415215811,2468,2136.445809233392,2375.64587961228,2171.14227813227,2469.6987478975752,2323.4895344115284
1949-12-01,1774.9815789473676,1777.9281869613233,1865.343685289302,2134,1892.3275900836964,2180.241279986796,1989.446749277152,2226.1934964846605,2219.070577977526
1950-01-01,1598.1951754385957,1595.7396557802526,1711.2244619976548,1903,1649.64686987531,2013.2145475249893,1822.450867372758,2046.4588016074367,2002.4748894882382
1950-02-01,1580.5635964912271,1573.1970613476833,1688.5203519306024,1719,1754.573250807506,1975.3829218872493,1820.4740252075344,1992.470344726052,1915.0539780956979
1950-03-01,1717.247807017543,1704.9702542539198,1819.9705216678235,1617,1778.5344663287517,1980.0091024910748,1850.2662510342327,2074.5844593709203,1810.0252129783798
1950-04-01,1825.3004385964905,1808.1118673572528,1922.6276027882648,1818,1914.4991144482904,1901.541064213848,1723.5274436847824,1683.141804259445,1357.509379626962
1950-05-01,1888.195175438596,1866.0955849837767,1979.965279502454,2067,2046.8908882223784,2020.6077954921705,1801.9871563011368,1980.5450024229017,1986.5326322385736
1950-06-01,2042.668859649122,2015.6582482825595,2128.7203939156534,2457,2007.1097804549447,2136.025408575938,1969.0995665152768,2195.6997235199237,2023.2119432086447
1950-07-01,2432.879385964912,2400.957750982352,2513.050840764705,2600,2668.2031134894933,2591.8771219011733,2434.4180607627136,2317.670010183856,2729.258623732332
1950-08-01,3537.668859649122,3500.836194997788,3611.798725312768,3530,3450.895820136504,3273.7032769063258,3036.750330358372,3950.114521213787,3612.1437164702256
1950-09-01,2787.879385964912,2746.1357035580486,2855.806152822998,2693,2990.8337811411075,3556.893159088477,3394.010480676763,2955.789534250798,3674.0454345615444
1950-10-01,2318.8267543859643,2272.172051204635,2380.3889127690813,2448,2293.6881061045992,2676.515074646752,2495.700185798575,2185.362043995556,1562.8286294956051
1950-11-01,2139.3004385964905,2087.734711560295,2194.3364788352283,2250,2221.026973307556,2450.1353082930245,2253.285537383668,2356.63328220858,2380.871070154204
1950-12-01,1900.7741228070167,1844.297371272785,1949.1225352319643,1972,1975.9322028197373,2182.07924767525,1995.671981111292,2083.927275864969,1880.782038651816
1951-01-01,1723.9877192982449,1663.091044381767,1794.0474001974453,1682,1732.307042261196,1973.2913314420723,1812.304920541148,1834.4339849892567,1698.8347702868946
1951-02-01,1706.3561403508763,1641.5306542392505,1770.4196803214036,1730,1836.321093831204,1788.1683575431964,1627.6970422792156,1632.1512663734024,1456.1350227669136
1951-03-01,1843.040350877192,1774.286051435539,1900.9785421835163,1814,1859.402090978227,1814.0768674408205,1682.8098664420093,1650.0431531642243,1591.0827566140788
1951-04-01,1951.09298245614,1878.409868828925,2002.7766173627328,1900,1994.5186317115104,1927.7985816715232,1733.0288349202,1735.5211881898458,1981.6270840454417
1951-05-01,2013.9877192982449,1937.3757907455013,2059.287590069578,2051,2126.094409087309,2123.5695494517627,1919.9384606782053,2059.4323092802038,2114.699481869694
1951-06-01,2168.461403508771,2087.9206583343366,2207.248302409316,2290,2085.5294159095542,2357.4331184770126,2161.783385311037,2243.0639720915124,2399.3102258622666
1951-07-01,2558.6719298245607,2474.202365324182,2590.8166491187885,2599,2745.870974521748,2697.02258176357,2485.386703976532,2505.690404479523,2396.5596318112193
1951-08-01,3663.461403508771,3575.0630136296704,3688.8347354611537,3428,3527.844017734369,3177.056417618106,2962.2054873520647,3447.221818801014,3485.8732154984755
1951-09-01,2913.6719298245607,2821.344726479984,2932.1446666995694,2262,3067.094426292552,3055.522924075852,2980.19656184258,3216.806776688809,2553.471171557675
1951-10-01,2444.619298245613,2348.363278416623,2456.06223230772,2242,2369.2933097975874,2464.811642750672,2248.5019333022965,2018.5965940809676,1971.832790344134
1951-11-01,2265.0929824561395,2164.9081430623355,2269.376905969816,2103,2296.0088465300546,2249.350393032446,2036.430443577901,1945.350122515054,2011.906079328326
1951-12-01,2026.5666666666657,1922.4530070648784,2023.562371896384,1825,2050.322856559715,2036.0897907250533,1846.4873426840056,1810.473888536565,1788.6269865216896
1952-01-01,1849.7802631578936,1742.228884463913,1867.9189483255773,1670,1806.138587506618,1832.422012985608,1663.5820512252271,1564.4544369281916,1498.6233230197545
1952-02-01,1832.1486842105253,1721.650698611449,1843.755241847132,1681,1909.6256415700368,1813.5574013552064,1649.5636549197554,1574.520393196577,1681.46926318212
1952-03-01,1968.832894736841,1855.3883000977903,1973.8104190407223,1713,1932.2117521984385,1896.430293570359,1736.8114566908116,1586.8698042319584,1728.1090612599678
1952-04-01,2076.8855263157884,1960.4943217812288,2075.137111485298,1954,2066.8655174010664,1922.284552914915,1686.2040593286931,1792.4934808245737,1761.3966541436248
1952-05-01,2139.780263157894,2020.4424479878576,2131.209003391385,1876,2198.010630234177,2109.6772517654445,1916.7981789702665,2064.0757810885334,2066.101766494521
1952-06-01,2294.25394736842,2171.969519866745,2278.7629368642474,2272,2157.0470835016995,2216.951849848597,1999.5979169966504,2292.972049805392,2075.1671450320846
1952-07-01,2684.4644736842097,2559.2334311466434,2661.956806640725,2612,2817.022199547137,2679.7089643645177,2465.645186433296,2496.1662001117747,2542.912595390935
1952-08-01,3789.25394736842,3661.076283742184,3759.63271798398,3590,3598.6609111809707,3074.811649263969,2883.719832107578,3402.31706455876,3404.2509184408864
1952-09-01,3039.4644736842097,2908.34020088255,3002.6327761571656,2496,3137.60909914833,2881.8167120919484,2854.83110519146,2527.949162726716,2386.925616540566
1952-10-01,2570.4118421052626,2436.340957109242,2526.272770633969,2441,2439.537873050512,2450.740512748196,2266.666910098033,2391.274556499628,2439.75006286389
1952-11-01,2390.885526315789,2253.868026045008,2339.342175098599,2340,2366.01541116809,2249.9569397282585,2063.9768214004857,2195.558485689039,2266.447247696229
1952-12-01,2152.359210526315,2012.3950943376024,2093.3146737615834,2090,2120.123533570828,2053.074839405292,1877.6052047652995,2020.759905111632,2026.2695548128067
1953-01-01,1975.5728070175428,1833.1531760266896,1937.4905848610767,1812,1875.765487878776,1912.679910628889,1772.65967599038,1841.8684165104205,1899.4912266596425
1953-02-01,1957.9412280701745,1813.5571944642784,1913.178514986811,1788,1979.1108762912056,1829.1948917071984,1685.5640602831802,1852.2640728521565,1785.680339791339
1953-03-01,2094.6254385964903,1948.2770002406724,2043.1176307184653,1837,2001.587432256585,1900.824099962993,1760.456391000859,1915.464999225719,1782.776016247462
1953-04-01,2202.678070175438,2054.365226214163,2144.360563634986,1993,2136.1637537841584,1967.6387038798323,1758.7246702779576,2021.0194374229975,2040.4598131588214
1953-05-01,2265.572807017543,2115.295556710845,2200.3809979469006,2021,2267.26353393018,2040.3769009192213,1862.16892638324,2065.683179986679,1878.8823790057395
1953-06-01,2420.046491228069,2267.8048328797854,2347.915775759472,2199,2226.2867654985803,2256.687287517341,2069.0005066293515,2381.239722657475,2379.6677918888254
1953-07-01,2810.257017543858,2656.050948449736,2731.122791809541,2622,2886.280770832864,2677.3842125469764,2454.852898308968,2609.9441725559764,2502.3814918682037
1953-08-01,3915.0464912280695,3758.8760053353294,3828.844151360269,3787,3667.970482743508,3182.0244792267663,2974.3523416178027,3529.749554751544,3562.8670645633956
1953-09-01,3165.257017543858,3007.122126765748,3071.9219596748103,2914,3207.001781975645,3101.131088607582,3072.719611667053,2554.2235968120904,2658.2049218104366
1953-10-01,2696.204385964911,2536.1050872824926,2595.6720062268514,2487,2509.0457781305704,2746.500268764342,2610.599309793075,2726.686745161452,2823.4722302575283
1953-11-01,2516.678070175438,2354.6143605083103,2408.883764700602,2314,2435.6706494888604,2419.9467785380098,2218.86196737555,2482.9406570020947,2346.306580140659
1953-12-01,2278.151754385964,2114.1236330909583,2163.030919306588,2139,2189.958216120277,2166.163107978717,1965.563433807526,2056.640816530725,2022.9697407527556
1954-01-01,2101.365350877192,1935.8639190700976,2007.4137882829648,2124,1945.8117256448693,1977.56095564898,1826.062071538548,1891.643382800355,1823.4797567884925
1954-02-01,2083.733771929824,1917.2501417977392,1983.340978219466,2214,2049.4007802619103,1979.184392984804,1878.1865228980312,2047.092538308435,2064.485182565391
1954-03-01,2220.41798245614,2052.952151864186,2113.551655695768,2234,2072.153113419868,2112.177210012898,2037.116486286916,2188.910692110557,2226.4006779970173
1954-04-01,2328.470614035087,2160.022582127729,2215.09845229082,2279,2207.037323127985,2177.3315955113217,2015.723574211297,2397.59239757924,2352.122449476591
1954-05-01,2391.365350877192,2221.935116914464,2271.4550522151467,2423,2338.477102442518,2207.1411815472625,2030.8349401636297,2251.754149424397,2268.2185590246163
1954-06-01,2545.8390350877185,2375.4265973734564,2419.358297574013,2290,2297.8724441673967,2356.3842107730584,2201.444437872102,2605.205970226212,2565.8619716450103
1954-07-01,2936.049561403508,2764.65491723346,2802.96608310426,2903,2958.270670646124,2716.050283567225,2496.908203868325,2862.1593079036884,2674.277827797877
1954-08-01,4040.83903508772,3868.462178409106,3901.120514069046,4485,3740.39671468918,3432.0063223250017,3226.3499021097023,3981.396229431487,4032.4244751788383
1954-09-01,3291.049561403508,3117.6905041295768,3144.663695731528,3085,3279.896457041695,3596.7434919243155,3560.9538484014106,3287.061570222675,3578.824075375662
1954-10-01,2821.9969298245605,2647.6556689363742,2668.911417565392,2852,2582.4410073049653,2846.4444766299675,2720.9575123185928,2942.9117598776284,2619.307587847654
1954-11-01,2642.4706140350872,2467.147146452244,2482.653153254848,2629,2509.598543759568,2519.4151561324843,2348.5646567473304,2725.3903657133005,2638.247975982541
1954-12-01,2403.944298245613,2227.638623324945,2237.362587010421,2435,2264.4508864752606,2325.769918873968,2147.0017475649965,2468.03760941908,2419.0397735099414
1955-01-01,2227.157894736841,2050.3611135941374,2082.340037070268,2227,2020.9012830720976,2232.8615755112546,2091.059725823437,2317.528387179341,2384.7066654321407
1955-02-01,2209.526315789473,2032.729540611831,2058.894110024121,1944,2125.1193357493503,2223.69737864347,2114.948234714208,2340.9693424101115,2280.7609346313748
1955-03-01,2346.210526315788,2169.41375496833,2189.7639724516566,2125,2148.532777955486,2211.0637303756616,2101.6228780294414,2142.592934682514,1920.7045226493192
1955-04-01,2454.263157894736,2277.4663895219264,2292.002255931824,2260,2284.110207699748,2286.587798398953,2087.738312934737,2276.4975961192904,2131.3817480372963
1955-05-01,2517.157894736841,2340.361128598713,2349.082644675149,2299,2416.275318038392,2385.963461926739,2215.4960856643643,2357.0249417504983,2367.072366267861
1955-06-01,2671.6315789473674,2494.834813347759,2497.7419807868946,2323,2376.4281017753483,2373.8294500290685,2219.5808805219704,2347.4866481199406,2126.1053455940746
1955-07-01,3061.842105263157,2885.0453374978147,2882.138159003904,2659,3037.61588125412,2991.9716105137168,2751.844818419544,2907.7742384582943,2897.8383659660713
1955-08-01,4166.631578947367,3989.8348029635135,3981.113284589334,3761,3820.563589285187,3724.851101984884,3419.7262834442467,4038.965598575899,4201.126857440494
1955-09-01,3416.842105263157,3240.045332974037,3225.509462806343,2779,3360.91710661368,3426.3826882164126,3324.8643331673643,2743.660015664742,2319.006149540981
1955-10-01,2947.789473684209,2770.992702070887,2750.642483128615,2761,2664.3475428408947,2915.864981670327,2750.7748867863947,2463.58547505373,2504.066223863534
1955-11-01,2768.263157894736,2591.4663838768097,2565.301819240361,2446,2592.423076247408,2687.740366646869,2520.2940658486496,2441.98325304631,2502.5168669468394
1955-12-01,2529.7368421052624,2352.940065039563,2320.961155352108,2278,2348.22552690298,2441.032007738119,2243.4198796800065,2272.578167906351,2211.4674019857957
1956-01-01,2352.95043859649,2176.6447595988075,2166.9208097020087,1879,2105.658142427661,2215.5514033787654,2057.978356118172,2063.447005838523,2027.2643983615962
1956-02-01,2335.318859649122,2159.9953909065543,2144.4893888797983,1881,2210.890525020725,1987.1980774507813,1828.6951348975408,1821.3105596980472,1553.7857770684868
1956-03-01,2472.0030701754376,2297.661809553106,2276.406059465153,2165,2235.3504081306387,2120.574856503845,1985.6095833155268,1944.7964647125275,2025.146232394461
1956-04-01,2580.055701754385,2406.696648396755,2379.723453037021,2199,2372.006389766645,2279.6423067435708,2106.461899470927,2142.348317926136,2265.165504155204
1956-05-01,2642.95043859649,2470.5735917635943,2437.91525380593,2308,2505.282162985,2334.456143746372,2173.4546074199607,2292.6481602948625,2198.643085226663
1956-06-01,2797.424122807017,2626.029480802693,2587.718303877142,2529,2466.5777205896343,2391.5286240926657,2228.038737814256,2228.112918046335,2293.3254092735024
1956-07-01,3187.634649122806,3017.222209242801,2973.290497987497,2573,3128.940384924051,2855.9149406076967,2658.8252861512856,2774.352124124238,2828.197313496232
1956-08-01,4292.424122807017,4122.993878998552,4073.4739414001583,3946,3913.095088798729,3272.7744448747485,3030.761952548937,4060.843442770124,3635.9859821580912
1956-09-01,3542.634649122806,3374.186613299129,3319.110739378278,3200,3454.6877129588,3323.406067979414,3269.3456629852144,2806.723760822857,2927.25330353965
1956-10-01,3073.582017543859,2906.116186686031,2845.5166813955448,2574,2759.3893670055595,3023.725224878456,2910.849760505217,2876.90077444511,3150.773692761102
1956-11-01,2894.055701754385,2727.5720727820067,2661.4812411361663,2422,2688.768229219583,2527.305582544905,2333.8207150239155,2486.6485372491134,2220.9850902811995
1956-12-01,2655.5293859649114,2490.027958234812,2418.478102810672,2446,2445.9061196706334,2290.392257516868,2096.843324352878,2227.893366873413,2214.1951078477805
1957-01-01,2478.7429824561395,2314.71485708411,2265.807584657213,2828,2204.706285978759,2113.175411077033,1996.3769495294205,2091.8702211722702,2013.1088430786695
1957-02-01,2461.1114035087708,2299.0476926819088,2244.778293265524,2879,2311.338330343234,2296.127666110528,2250.734762555044,2407.069535848132,2799.793246121806
1957-03-01,2597.795614035087,2437.6963156185134,2378.1293952152832,2800,2337.229986212525,2538.1353421401936,2512.983282317972,2905.136984827648,3132.1258777540716
1957-04-01,2705.848245614034,2547.713358752215,2482.9135220854378,2835,2475.349851595876,2525.1582399306794,2399.574197655571,2853.957148452495,2792.8030470769936
1957-05-01,2768.7429824561395,2612.5725064091066,2542.604358086516,2585,2610.121619549542,2591.192419409469,2425.053330331922,2897.5513764678635,2907.7133962417593
1957-06-01,2923.216666666666,2769.010599738257,2693.9387453237773,2787,2572.9452828774542,2534.551908771448,2367.328300975159,2817.877905297498,2770.0395253719726
1957-07-01,3313.4271929824554,3161.1855324684184,3081.074578534066,3334,3236.8681639231163,2852.078626762003,2695.013548203337,3066.490056054574,2794.2682633492996
1957-08-01,4418.216666666666,4267.939406514222,4182.853962980542,4746,4022.6151954970055,3709.6294332021616,3507.9063316639385,4598.273226424709,4673.783806836753
1957-09-01,3668.427192982456,3520.114345104851,3430.1190039263583,3613,3565.8322583442537,3831.3921151385593,3752.716769990505,3770.81687168409,3965.558286897667
1957-10-01,3199.374561403508,3053.0261227818064,2958.185490845204,3463,2872.190462066158,3085.036867876416,2984.256616717704,3358.173752999255,2949.400064929272
1957-11-01,3019.8482456140346,2875.4642131678343,2775.842897421288,3274,2803.257984943294,2820.93791212362,2695.74631139937,3140.227955865856,3273.7428461289637
1957-12-01,2781.3219298245604,2638.902302910693,2534.5649078651354,2801,2562.1166470454205,2771.9930320975013,2611.8158831052265,3198.6634411760806,3268.577951805244
1958-01-01,2604.5355263157885,2464.5714060500427,2383.6518404149024,2488,2322.669695992591,2753.821188014396,2595.2552003372016,3015.647233898224,3147.1023577549004
1958-02-01,2586.90394736842,2449.8864459378947,2364.412301660321,2386,2431.086733984077,2651.0019198689347,2503.36770716058,2715.9089328706305,2495.965443831541
1958-03-01,2723.588157894736,2589.517273164552,2499.5854581810704,2428,2458.7954944683465,2667.5215951572486,2546.971077031838,2707.301458926191,2261.7675731257714
1958-04-01,2831.640789473683,2700.516520588306,2606.223941556097,2678,2598.764575454642,2659.951244370139,2477.613727139733,2657.630920441685,2422.052267139613
1958-05-01,2894.5355263157885,2766.3578725352504,2667.8014359959275,2744,2735.4176699992195,2673.158428607775,2537.4084621714737,2613.690048175185,2389.614996762837
1958-06-01,3049.009210526315,2923.7781701544536,2821.0547836058267,2772,2700.154770906009,2854.603384543183,2716.3064528784817,2952.827128616708,2906.780124947314
1958-07-01,3439.2197368421043,3316.935307174668,3210.141879122634,3520,3366.023200518515,3416.1550107284443,3160.7909974939744,3085.3079625306946,3281.226799959013
1958-08-01,4544.009210526315,4424.671385510524,4313.904827809508,3833,4153.747891647216,4225.120493725766,3864.781526883901,4557.493740505441,4894.646201631156
1958-09-01,3794.219736842104,3677.828528391205,3563.1857349296083,3377,3698.974725037243,3795.5090818429626,3601.529505227905,3274.4537088830198,2653.614921859158
1958-10-01,3325.167105263157,3211.7225103582127,3093.300389956618,3013,3007.3748102898912,3501.1472306762944,3305.194524724114,2906.6835564745124,3183.2101462888986
1958-11-01,3145.6407894736835,3035.1428050342934,2913.0382665747475,2871,2940.5163256857363,3138.652001898198,2940.044907601677,2852.617668510902,2786.8259848868493
1958-12-01,2907.1144736842098,2799.5630990672043,2673.8730489945247,2592,2701.481091294542,2766.234267064181,2601.0680486092,2579.71740776787,2350.033588754788
1959-01-01,2730.328070175437,2626.214406496607,2525.1050554541025,2375,2464.172354736357,2486.4263402840534,2343.107165027001,2609.4389480750306,2234.4089888668877
1959-02-01,2712.696491228069,2612.511650674511,2508.0428925432143,2304,2574.7597182104546,2384.1354543825764,2269.2168424636525,2358.949675008916,2231.428895589892
1959-03-01,2849.380701754385,2753.1246821912214,2645.425726841539,2464,2604.670915165301,2440.9926477655804,2304.0702514284467,2262.9825896095645,2310.4518836565258
1959-04-01,2957.4333333333325,2865.106133905028,2754.3061899280224,2557,2746.8745436101417,2642.725737328829,2478.252734574561,2511.748669102958,2680.2500297711467
1959-05-01,3020.328070175437,2931.9296901420253,2818.157966013192,2739,2885.79429660123,2703.283352421897,2545.2663391999663,2421.826462673021,2583.8061864724987
1959-06-01,3174.801754385964,3090.332192051281,2973.717897202312,2714,2852.8301669424977,2904.6783453041426,2749.962574777068,2771.0584830533,2732.6587222234575
1959-07-01,3565.0122807017533,3484.471533361547,3365.1438782322225,3102,3521.029476977448,3350.8016983127413,3112.661325714026,3294.38921096169,3419.1960176756957
1959-08-01,4669.801754385964,4593.189815987456,4471.278014366084,3961,4311.11715951656,3591.234800701044,3357.718330055365,4096.696249395777,3375.088129073898
1959-09-01,3920.0122807017538,3847.329163158191,3722.9624108670505,3772,3858.739095304964,3654.778377691831,3519.160632441556,3243.8098446354616,3465.0494345116604
1959-10-01,3450.9596491228062,3382.2053494152506,3255.5128572088106,3245,3169.566393943957,3400.929190796317,3290.986098426583,3226.7241118635084,3379.556128407441
1959-11-01,3271.4333333333325,3206.6078483813835,3077.7188270755723,3104,3105.167233714114,3027.426279843645,2875.401566630196,3136.503953173662,3065.8349655739075
1959-12-01,3032.9070175438587,2972.010346704348,2841.0540046778624,2869,2868.623434685197,2751.446329954876,2603.9808569009697,2693.5769136677945,2788.7427198482146
1960-01-01,2856.120614035087,2799.643858423803,2694.818708253837,2513,2633.838244477257,2521.311811033027,2390.553090462513,2496.7203729793346,2617.0899942485485
1960-02-01,2838.4890350877185,2786.92330689176,2680.321544393228,2385,2746.9812652895644,2381.882630684923,2260.073950961408,2474.9297271366595,2407.362034509668
1960-03-01,2975.1732456140344,2928.5185426985217,2820.3016796757124,2756,2779.48023057059,2450.4467149524207,2336.1642027064645,2536.353133182487,2507.228284779476
1960-04-01,3083.225877192981,3041.482198702381,2931.811745680238,2927,2924.303738329574,2689.073188990189,2573.335099874439,2860.189641374744,2812.4922199108914
1960-05-01,3146.120614035087,3109.287959229431,2998.3254266173326,2940,3065.875481622776,2858.435784463402,2728.6301238028423,3068.0907629429967,3073.9422086982477
1960-06-01,3300.594298245613,3268.6726654287395,3156.5795645922594,3180,3035.5954532541205,2888.369757194379,2757.7636647342365,2925.468997796253,2877.3216280436545
1960-07-01,3690.804824561402,3663.794211029058,3550.73205434186,3791,3706.510975567114,3321.394721106745,3140.3325203931354,3659.8518246975273,3532.371411167922
1960-08-01,4795.594298245614,4773.49469794502,4659.6250011292905,4093,4499.346981372237,3978.7266242015153,3714.7277031131134,4369.986949818151,4617.18633142305
1960-09-01,4045.804824561402,4028.616249405807,3914.100510217712,4309,4049.74935141462,3920.679024140283,3711.5764171699175,3852.532619190846,3868.5676808741828
1960-10-01,3576.752192982455,3564.4746399529195,3449.4743710808057,3532,3363.3891952955564,3711.1017428658274,3581.876781759953,3658.159265917132,3745.203337351315
1960-11-01,3397.225877192982,3389.8593432091056,3274.536057402786,3408,3301.834691295625,3279.551273528482,3112.7691999539043,3519.8667358157945,3353.480470207096
1960-12-01,3158.699561403508,3156.2440458221217,3040.759253394176,2839,3068.1676594845853,2980.209286438525,2829.560467685092,3169.9706993263358,3134.9879624426103
1961-01-01,2981.913157894736,2984.85976183163,2897.44427729313,2792,2836.29134748249,2555.6789176486864,2412.7980572847846,2723.2670553641456,2443.7058052667626
1961-02-01,2964.2815789473675,2973.121414589639,2885.8997356893847,2798,2952.3753574886096,2527.445868470004,2433.0821858319114,2658.561616784178,2625.69615508919
1961-03-01,3100.965789473684,3115.698854686454,3028.864795162614,3007,2987.847422951413,2778.9026753615567,2659.823605223247,3067.374063412337,3135.9360534851676
1961-04-01,3209.0184210526304,3229.644714980366,3143.392087291769,3086,3135.6761418801425,2991.450363182036,2875.761415637123,3119.961552508721,3140.8182704120727
1961-05-01,3271.9131578947363,3298.432679797468,3212.9552962873727,3201,3280.285207331052,3061.0390634251903,2906.352695325654,3206.9284323851757,3058.9516114105854
1961-06-01,3426.3868421052625,3458.7995902868297,3374.291264254692,3428,3253.074612108076,3325.12147322296,3146.5452898142003,3341.1050136827344,3404.804301761512
1961-07-01,3816.597368421052,3854.9033401772,3771.5578859305656,3754,3927.091678554714,3749.118605604783,3498.674990323688,3821.3504618258376,4001.8704251855306
1961-08-01,4921.386842105262,4965.586031383215,4883.597266578154,4917,4723.061339481447,4082.702535782611,3783.0529958979496,4432.251998404896,4016.752285634195
1961-09-01,4171.597368421051,4221.689787134054,4141.251511460612,3760,4276.629475633408,4485.113311951998,4164.056456908288,4696.851113640492,5094.603236924373
1961-10-01,3702.5447368421046,3758.53038197122,3679.8364100516274,3609,3593.46719661189,3712.276259406833,3500.491538762651,3538.887514253568,2942.61496947918
1961-11-01,3523.018421052631,3584.8972895174584,3508.1414360354097,3471,3535.142680697469,3379.519588298503,3189.1104268287727,3329.0632303282146,3440.770620132298
1961-12-01,3284.492105263157,3352.264196420527,3277.640273622484,3347,3304.737747959908,3014.663499345376,2862.41483392452,3106.1618820762087,2868.315614858615
1962-01-01,3107.705701754385,3181.862116720088,3137.633241051008,3333,3076.155646019257,2923.4879079380544,2819.71075547517,3041.887684798929,3263.6618590947564
1962-02-01,3090.0741228070165,3171.10597376815,3129.4289449107096,3456,3195.565977074787,2974.414435683073,2873.675899074912,3157.8059292859944,3305.7716819711823
1962-03-01,3226.7583333333323,3314.665618155017,3275.7665517812698,3569,3234.396474574967,3211.090908169241,3117.9977730074656,3508.9694468199123,3624.987524847036
1962-04-01,3334.81096491228,3429.593682738982,3393.698693241637,3900,3385.615736529042,3310.143215198822,3146.131167797241,3671.23792239352,3609.8560318818236
1962-05-01,3397.705701754385,3499.3638518461366,3466.6990535023365,3909,3533.647455993262,3529.4307751787624,3371.098005033424,3822.944608566954,3981.4378065976143
1962-06-01,3552.1793859649115,3660.712966625552,3631.504474668633,4098,3509.8916257715628,3653.286599116969,3482.411930343154,4067.827294895929,4096.991965442615
1962-07-01,3942.389912280701,4057.798920805975,4032.2728514773657,4826,4187.395568207446,4098.50924926262,3810.8409740478223,4693.263911084072,4389.702735999992
1962-08-01,5047.179385964912,5169.463816302042,5147.846289191695,5770,4986.884216111391,4698.602625411737,4259.292293321493,5366.609942883282,5950.770968892084
1962-09-01,4297.389912280701,4426.549776342934,4409.066893074778,5108,4544.003450228529,4509.982593500748,4230.202486371679,5154.450021952176,4581.513182102892
1962-10-01,3828.3372807017536,3964.3725754701513,3951.250452600301,4360,3864.424380160154,4182.47490572023,3943.52682317637,4721.733864279409,4917.494273911452
1962-11-01,3648.81096491228,3791.7216873064426,3783.1864414524703,4100,3809.7151841868463,3717.763181069489,3497.435324947343,4350.547876672563,4191.060118041803
1962-12-01,3410.2846491228065,3560.0707984995643,3556.348543841815,3562,3582.957682378362,3473.428720359828,3260.015736547455,3874.633435680257,3937.63777797273
1963-01-01,3233.498245614034,3390.650923089177,3420.037078006489,3284,3358.0551223547554,3255.7710476462903,3062.01066588452,3743.420805368858,3513.648300656736
1963-02-01,3215.866666666666,3380.8769844272915,3415.560650536227,3278,3481.1771063152983,3239.236966768737,3062.917394411885,3596.469915140806,3366.0640619684928
1963-03-01,3352.5508771929817,3525.418833104212,3565.658428010704,3424,3523.751367708456,3444.0742267213395,3256.491531622123,3698.887484754231,3352.6854354383468
1963-04-01,3460.603508771929,3641.329101978229,3687.383042008869,3843,3678.746504543473,3724.440053547905,3468.588763391681,3788.856457269441,3715.623900330065
1963-05-01,3523.498245614034,3712.0814753754366,3764.2081767412506,3614,3830.5862098766056,3923.666329169969,3660.1348576188457,3874.866653108444,3813.269454973579
1963-06-01,3677.97192982456,3874.412794444903,3932.870674313108,3536,3810.6704765117847,4030.8417902051074,3724.438290629677,3987.5054007648,3763.2436580284875
1963-07-01,4068.18245614035,4272.480952915379,4337.528429461285,4505,4492.046626792511,4468.444712766371,3988.110630504566,4170.540755705464,4218.651839175753
1963-08-01,5172.971929824561,5385.128052701499,5457.023547448942,5456,5295.439593529268,5062.633696091261,4421.544821292124,5438.841554397917,5411.947992194309
1963-09-01,4423.18245614035,4643.196217032444,4722.198133539234,4881,4856.495257467183,5042.604170075198,4495.966646279193,4534.1230016725785,4750.531980127624
1963-10-01,3954.1298245614025,4182.001220449714,4268.367977205848,4041,4180.884728207552,4559.273509956133,4178.489959262682,4224.892197721685,4091.365542678439
1963-11-01,3774.603508771929,4010.332536576058,4104.322552132991,3724,4130.176184030955,3990.236934858011,3685.893190417095,3900.4483555806783,3731.3140745979535
1963-12-01,3536.077192982455,3779.663852059232,3881.535542531192,3525,3907.451445007148,3468.717743221644,3220.8299030668654,3341.972107779065,3140.95248970165
1964-01-01,3359.290789473683,3611.2261809388974,3749.307266638601,3437,3686.613758756186,3211.316934502235,3027.79378330837,3258.504439803579,3206.6535259046295
1964-02-01,3341.659210526315,3602.4344465670647,3748.94633104496,3324,3813.83272747734,3223.0528347607647,3096.677083006909,3389.293976885231,3393.356230090825
1964-03-01,3478.343421052631,3747.958499534038,3903.1919023299374,3977,3860.536084619074,3424.9921870760672,3263.255164345077,3465.329305208072,3430.8427254298913
1964-04-01,3586.396052631578,3864.8509726981074,4029.096612072488,4025,4019.692428190636,3904.988382568613,3664.287657812344,4055.996800949575,4360.9715110781635
1964-05-01,3649.290789473683,3936.5855503853672,4110.134144483136,4016,4175.7254512482805,3794.840505299659,3573.182860652899,3891.072855744736,3758.1871710066735
1964-06-01,3803.76447368421,4099.899073744887,4283.04134166714,4031,4160.035146595937,3844.631529052937,3618.893773637,4003.433157882055,3900.358922439149
1964-07-01,4193.974999999999,4498.949436505416,4691.976098361349,4489,4845.668836577107,4451.431066701375,4023.880819001219,4889.017150948133,4965.539905277963
1964-08-01,5298.76447368421,5612.578740581588,5815.780519828919,5563,5653.351454002274,4917.773646100896,4344.185344553512,5610.526096567959,5402.723004834685
1964-09-01,4548.974999999999,4871.629109202585,5085.296711333005,5709,5218.728879616568,4922.2674288118615,4434.54335574703,4993.839208255449,4951.566982772554
1964-10-01,4079.922368421052,4411.416316909908,4635.8404623472925,4620,4547.472223021282,4622.175903321563,4287.631587704033,4611.948816204971,4838.696197015328
1964-11-01,3900.396052631578,4240.729837326305,4476.201246555995,4160,4501.149662496997,4015.664045796881,3754.2551439441313,4419.473631015171,4269.579334655187
1964-12-01,3661.869736842104,4011.043357099531,4257.8527481696365,4012,4282.843018113467,3624.319398016417,3369.130973315522,3886.592226805537,3924.625212688975
1965-01-01,3485.0833333333326,3843.587890269249,4130.095285426369,3987,4066.4555374907495,3432.956764552831,3230.728986029095,3701.173794999824,3888.5339559196236
1965-02-01,3467.451754385964,3835.778360187469,4134.237464915932,4155,4198.156822828113,3489.949108881402,3328.949319008916,3895.155507517573,3842.34956991129
1965-03-01,3604.13596491228,3982.2846174444944,4293.018453217997,4054,4249.374607574027,3972.899885567817,3739.0468830361774,4460.723871879491,4774.484386417918
1965-04-01,3712.188596491227,4100.159294898617,4423.490881911517,4485,4413.077489737733,4040.754254796884,3761.5890378305,4488.057238938567,4061.639830868071
1965-05-01,3775.0833333333326,4172.87607687593,4509.128435207016,4558,4573.689162375486,4180.6006080927,3864.239303594722,4394.346898340464,4435.3958859854065
1965-06-01,3929.5570175438593,4337.171804525502,4686.667955209756,4462,4562.609618291222,4248.281468718373,3930.579762638336,4428.269716313418,4540.589801820224
1965-07-01,4319.767543859648,4737.204371576083,5100.267336656578,4594,5252.886179828436,4546.84025416636,4122.4251225615,5159.303705223094,4881.428193171007
1965-08-01,5424.557017543859,5851.815879942307,6228.768684810648,6481,6065.243779797616,5042.742131226692,4408.497672782137,5971.379865484803,5627.6049668611195
1965-09-01,4674.767543859648,5111.848452853357,5503.014104935111,6345,5635.328298943885,5449.952158238563,4731.868784679386,5942.58469435291,6594.601559671539
1965-10-01,4205.7149122807,4652.617864850734,5058.319386503661,5142,4968.810846868545,5072.347699931714,4543.904035841392,5245.124647457478,5224.473814237466
1965-11-01,4026.188596491228,4482.913589557182,4903.474003200508,4824,4927.259601852171,4420.324796255588,4058.668029323688,4800.60449984801,4639.745919343895
1965-12-01,3787.662280701754,4254.209313620462,4689.951639236175,4573,4713.756383964518,4120.274704653823,3777.2923523421296,4601.677349065787,4636.357872027791
1966-01-01,3610.8758771929815,4087.736051080232,4567.052612848816,4158,4502.204440825643,4000.079638406408,3688.000953442516,4564.127198606559,4513.07858375091
1966-02-01,3593.2442982456128,4080.908725288505,4576.08553062817,4140,4638.773374634819,3880.0948014730657,3591.213510554211,4314.902644845186,4284.95681131377
1966-03-01,3729.928508771929,4228.397186835583,4739.789559153909,4251,4694.89091884051,3985.131536631108,3723.9383173745946,4516.756323819856,3997.788025404745
1966-04-01,3837.981140350877,4347.254068579758,4875.217330004982,4734,4863.525671451963,4341.622807767594,3965.4983530787295,4689.039323689931,4640.332178335202
1966-05-01,3900.8758771929815,4420.953054847123,4965.8425273919165,4858,5029.101325525428,4550.431596772191,4115.018697380217,4737.319601646201,4774.87247971338
1966-06-01,4055.349561403508,4586.230986786748,5148.401993419973,4798,5023.017873864838,4523.801281575427,4135.241627954559,4728.008763301079,4722.037648918202
1966-07-01,4445.560087719297,4987.245758127382,5567.053622825999,5080,5718.322638813698,4804.8075370887145,4290.923623215482,5127.123344642405,4892.520759955514
1966-08-01,5550.349561403507,6102.839470783659,6700.639520873148,6905,6535.740553182488,5479.799594667944,4639.182193810374,6526.318903698089,6929.772142001224
1966-09-01,4800.560087719297,5363.854247984761,5980.001792824582,5504,6110.917497716337,5700.374895679307,4843.945441981684,6673.277211892168,6734.969845657073
1966-10-01,4331.50745614035,4905.60586427219,5540.456228153978,5457,5449.524582016539,5062.32903625398,4472.966284591901,4949.217420705092,4249.050665109018
1966-11-01,4151.981140350877,4736.883793268691,5390.792300545552,5198,5413.129984363674,4801.338248549099,4304.698235558069,4777.102185386804,5100.192725004152
1966-12-01,3913.4548245614014,4509.161721622024,5182.483694209832,4890,5204.815524827501,4540.551429610776,4097.113468120757,4907.60242833056,4914.660053547132
